{
	"SoundChip":
	{
		"version": "v2",
		"sounds": [
			{
				"name": "Melody",
				"settings": "0,,.021,.5027,.3435,.4222,,,,,,,,,,,,,1,,,,,.5"
			},
			{
				"name": "Hit1",
				"settings": "3,,.0441,,.1312,.4289,,-.3292,,,,,,,,,,,1,,,.1918,,0.10"
			},
			{
				"name": "Beep1",
				"settings": "0,,.0508,.3086,.2408,.5044,,,,,,,,,,,,,1,,,,,.5"
			},
			{
				"name": "Drums",
				"settings": "3,,.01,,.209,.1668,,,,,,,,.31,,,,,.3,,,.1,,.1"
			},
			{
				"name": "Untitled04",
				"settings": "0,,.0185,.4397,.1783,.8434,,,,,,,,,,,,,1,,,,,.5"
			},
			{
				"name": "Untitled05",
				"settings": "0,,.0185,.4397,.1783,.8434,,,,,,,,,,,,,1,,,,,.5"
			},
			{
				"name": "Untitled06",
				"settings": "0,,.0185,.4397,.1783,.8434,,,,,,,,,,,,,1,,,,,.5"
			},
			{
				"name": "Untitled07",
				"settings": "0,,.0185,.4397,.1783,.8434,,,,,,,,,,,,,1,,,,,.5"
			}
		]
	}
}