{
    "SoundChip":
    {
        "version":"v2",
        "sounds": [{
                "name":"Melody",
                "settings":"0,,.2,,.2,.1266,,,,,,,,,,,,,1,,,,,.5"
                },
                {
                "name":"Harmony",
                "settings":"0,,.01,,.509,.1266,,,,,,,,.31,,,,,1,,,.1,,.5"
                },
                {
                "name":"Bass",
                "settings":"4,,.01,,.509,.1266,,,,,,,,.31,,,,,1,,,.1,,1"
                },
                {
                "name":"Drums",
                "settings":"3,,.01,,.209,.1668,,,,,,,,.31,,,,,.3,,,.1,,.1"
                },
                {
                "name":"Untitled04",
                "settings":"0,,.0185,.4397,.1783,.8434,,,,,,,,,,,,,1,,,,,.5"
                },
                {
                "name":"Untitled05",
                "settings":"0,,.0185,.4397,.1783,.8434,,,,,,,,,,,,,1,,,,,.5"
                },
                {
                "name":"Untitled06",
                "settings":"0,,.0185,.4397,.1783,.8434,,,,,,,,,,,,,1,,,,,.5"
                },
                {
                "name":"Untitled07",
                "settings":"0,,.0185,.4397,.1783,.8434,,,,,,,,,,,,,1,,,,,.5"
                },
                {
                "name":"Untitled08",
                "settings":"0,,.0185,.4397,.1783,.8434,,,,,,,,,,,,,1,,,,,.5"
                },
                {
                "name":"Untitled09",
                "settings":"0,,.0185,.4397,.1783,.8434,,,,,,,,,,,,,1,,,,,.5"
                },
                {
                "name":"Untitled10",
                "settings":"0,,.0185,.4397,.1783,.8434,,,,,,,,,,,,,1,,,,,.5"
                },
                {
                "name":"Untitled11",
                "settings":"0,,.0185,.4397,.1783,.8434,,,,,,,,,,,,,1,,,,,.5"
                },
                {
                "name":"Untitled12",
                "settings":"0,,.0185,.4397,.1783,.8434,,,,,,,,,,,,,1,,,,,.5"
                },
                {
                "name":"Untitled13",
                "settings":"0,,.0185,.4397,.1783,.8434,,,,,,,,,,,,,1,,,,,.5"
                },
                {
                "name":"Untitled14",
                "settings":"0,,.0185,.4397,.1783,.8434,,,,,,,,,,,,,1,,,,,.5"
                },
                {
                "name":"Untitled15",
                "settings":"0,,.0185,.4397,.1783,.8434,,,,,,,,,,,,,1,,,,,.5"
                },
                {
                "name":"Untitled16",
                "settings":"0,,.0185,.4397,.1783,.8434,,,,,,,,,,,,,1,,,,,.5"
                },
                {
                "name":"Untitled17",
                "settings":"0,,.0185,.4397,.1783,.8434,,,,,,,,,,,,,1,,,,,.5"
                },
                {
                "name":"Untitled18",
                "settings":"0,,.0185,.4397,.1783,.8434,,,,,,,,,,,,,1,,,,,.5"
                },
                {
                "name":"Untitled19",
                "settings":"0,,.0185,.4397,.1783,.8434,,,,,,,,,,,,,1,,,,,.5"
                },
                {
                "name":"Untitled20",
                "settings":"0,,.0185,.4397,.1783,.8434,,,,,,,,,,,,,1,,,,,.5"
                },
                {
                "name":"Untitled21",
                "settings":"0,,.0185,.4397,.1783,.8434,,,,,,,,,,,,,1,,,,,.5"
                },
                {
                "name":"Untitled22",
                "settings":"0,,.0185,.4397,.1783,.8434,,,,,,,,,,,,,1,,,,,.5"
                },
                {
                "name":"Untitled23",
                "settings":"0,,.0185,.4397,.1783,.8434,,,,,,,,,,,,,1,,,,,.5"
                },
                {
                "name":"Untitled24",
                "settings":"0,,.0185,.4397,.1783,.8434,,,,,,,,,,,,,1,,,,,.5"
                },
                {
                "name":"Untitled25",
                "settings":"0,,.0185,.4397,.1783,.8434,,,,,,,,,,,,,1,,,,,.5"
                },
                {
                "name":"Untitled26",
                "settings":"0,,.0185,.4397,.1783,.8434,,,,,,,,,,,,,1,,,,,.5"
                },
                {
                "name":"Untitled27",
                "settings":"0,,.0185,.4397,.1783,.8434,,,,,,,,,,,,,1,,,,,.5"
                },
                {
                "name":"Untitled28",
                "settings":"0,,.0185,.4397,.1783,.8434,,,,,,,,,,,,,1,,,,,.5"
                },
                {
                "name":"Untitled29",
                "settings":"0,,.0185,.4397,.1783,.8434,,,,,,,,,,,,,1,,,,,.5"
                },
                {
                "name":"Untitled30",
                "settings":"0,,.0185,.4397,.1783,.8434,,,,,,,,,,,,,1,,,,,.5"
                },
                {
                "name":"Untitled31",
                "settings":"0,,.0185,.4397,.1783,.8434,,,,,,,,,,,,,1,,,,,.5"
                }
                
        ]
}
}