{
	"ColorChip":
	{
		"pages": 2,
		"colorsPerPage": 64,
		"supportedColors": 2,
		"maxColors": 128,
		"backgroundColor": 0,
		"maskColor": "#FF00FF",
		"unique": false,
		"debug": false,

	},
	"DisplayChip":
	{
		"width": 264,
		"height": 248,
		"overscanX": 1,
		"overscanY": 1,
		"layers": 6

	},
	"FontChip":
	{
	},
	"GameChip":
	{
		"name": "BootTool",
		"description": "",
		"version": "v0.9.0",
		"ext": ".pvt",
		"lockSpecs": true,
		"maxSize": 256,
		"saveSlots": 0
	},
	"MusicChip":
	{
		"totalTracks": 4,
		"notesPerTrack": 127,
		"totalLoop": 1
	},
	"SoundChip":
	{
		"totalChannels": 4,
		"totalSounds": 4
	},

	"SpriteChip": {
		"maxSpriteCount": 0,
		"unique": false,
		"spriteWidth": 8,
		"spriteHeight": 8,
		"pages": 4,
		"cps": 8
	},
	"TilemapChip":
	{
		"columns": 32,
		"rows": 59,
		"totalFlags": 16,
		"autoImport": false
	}
}